{
  "resourceType" : "ImplementationGuide",
  "id" : "ans.fhir.fr.tddui",
  "text" : {
    "status" : "generated",
    "div" : "<div xmlns=\"http://www.w3.org/1999/xhtml\"><p class=\"res-header-id\"><b>Generated Narrative: ImplementationGuide ans.fhir.fr.tddui</b></p><a name=\"ans.fhir.fr.tddui\"> </a><a name=\"hcans.fhir.fr.tddui\"> </a><a name=\"ans.fhir.fr.tddui-fr-FR\"> </a><h2>TDDUI</h2><p>The official URL for this implementation guide is: </p><pre>https://interop.esante.gouv.fr/ig/fhir/tddui/ImplementationGuide/ans.fhir.fr.tddui</pre></div>"
  },
  "url" : "https://interop.esante.gouv.fr/ig/fhir/tddui/ImplementationGuide/ans.fhir.fr.tddui",
  "version" : "1.1.0-ballot",
  "name" : "TDDUI",
  "title" : "Médicosocial - Transfert de données DUI",
  "status" : "active",
  "date" : "2025-02-17T10:37:22+00:00",
  "publisher" : "ANS",
  "contact" : [{
    "name" : "ANS",
    "telecom" : [{
      "system" : "url",
      "value" : "https://esante.gouv.fr"
    }]
  }],
  "jurisdiction" : [{
    "coding" : [{
      "system" : "urn:iso:std:iso:3166",
      "code" : "FR",
      "display" : "FRANCE"
    }]
  }],
  "packageId" : "ans.fhir.fr.tddui",
  "license" : "CC0-1.0",
  "fhirVersion" : ["4.0.1"],
  "dependsOn" : [{
    "id" : "hl7tx",
    "extension" : [{
      "url" : "http://hl7.org/fhir/tools/StructureDefinition/implementationguide-dependency-comment",
      "valueMarkdown" : "Automatically added as a dependency - all IGs depend on HL7 Terminology"
    }],
    "uri" : "http://terminology.hl7.org/ImplementationGuide/hl7.terminology",
    "packageId" : "hl7.terminology.r4",
    "version" : "6.2.0"
  },
  {
    "id" : "hl7ext",
    "extension" : [{
      "url" : "http://hl7.org/fhir/tools/StructureDefinition/implementationguide-dependency-comment",
      "valueMarkdown" : "Automatically added as a dependency - all IGs depend on the HL7 Extension Pack"
    }],
    "uri" : "http://hl7.org/fhir/extensions/ImplementationGuide/hl7.fhir.uv.extensions",
    "packageId" : "hl7.fhir.uv.extensions.r4",
    "version" : "5.2.0"
  },
  {
    "id" : "hl7_fhir_fr_core",
    "uri" : "https://hl7.fr/ig/fhir/core/ImplementationGuide/hl7.fhir.fr.core",
    "packageId" : "hl7.fhir.fr.core",
    "version" : "2.1.0"
  },
  {
    "id" : "ans_fr_nos",
    "uri" : "https://interop.esante.gouv.fr/ig/nos/ImplementationGuide/ans.fr.nos",
    "packageId" : "ans.fr.nos",
    "version" : "1.4.0"
  }],
  "definition" : {
    "extension" : [{
      "extension" : [{
        "url" : "code",
        "valueString" : "copyrightyear"
      },
      {
        "url" : "value",
        "valueString" : "2023+"
      }],
      "url" : "http://hl7.org/fhir/tools/StructureDefinition/ig-parameter"
    },
    {
      "extension" : [{
        "url" : "code",
        "valueString" : "releaselabel"
      },
      {
        "url" : "value",
        "valueString" : "trial-use"
      }],
      "url" : "http://hl7.org/fhir/tools/StructureDefinition/ig-parameter"
    },
    {
      "extension" : [{
        "url" : "code",
        "valueString" : "shownav"
      },
      {
        "url" : "value",
        "valueString" : "true"
      }],
      "url" : "http://hl7.org/fhir/tools/StructureDefinition/ig-parameter"
    },
    {
      "extension" : [{
        "url" : "code",
        "valueString" : "autoload-resources"
      },
      {
        "url" : "value",
        "valueString" : "true"
      }],
      "url" : "http://hl7.org/fhir/tools/StructureDefinition/ig-parameter"
    },
    {
      "extension" : [{
        "url" : "code",
        "valueString" : "path-liquid"
      },
      {
        "url" : "value",
        "valueString" : "template/liquid"
      }],
      "url" : "http://hl7.org/fhir/tools/StructureDefinition/ig-parameter"
    },
    {
      "extension" : [{
        "url" : "code",
        "valueString" : "path-liquid"
      },
      {
        "url" : "value",
        "valueString" : "input/liquid"
      }],
      "url" : "http://hl7.org/fhir/tools/StructureDefinition/ig-parameter"
    },
    {
      "extension" : [{
        "url" : "code",
        "valueString" : "path-qa"
      },
      {
        "url" : "value",
        "valueString" : "temp/qa"
      }],
      "url" : "http://hl7.org/fhir/tools/StructureDefinition/ig-parameter"
    },
    {
      "extension" : [{
        "url" : "code",
        "valueString" : "path-temp"
      },
      {
        "url" : "value",
        "valueString" : "temp/pages"
      }],
      "url" : "http://hl7.org/fhir/tools/StructureDefinition/ig-parameter"
    },
    {
      "extension" : [{
        "url" : "code",
        "valueString" : "path-output"
      },
      {
        "url" : "value",
        "valueString" : "output"
      }],
      "url" : "http://hl7.org/fhir/tools/StructureDefinition/ig-parameter"
    },
    {
      "extension" : [{
        "url" : "code",
        "valueString" : "path-suppressed-warnings"
      },
      {
        "url" : "value",
        "valueString" : "input/ignoreWarnings.txt"
      }],
      "url" : "http://hl7.org/fhir/tools/StructureDefinition/ig-parameter"
    },
    {
      "extension" : [{
        "url" : "code",
        "valueString" : "path-history"
      },
      {
        "url" : "value",
        "valueString" : "https://interop.esante.gouv.fr/ig/fhir/tddui/history.html"
      }],
      "url" : "http://hl7.org/fhir/tools/StructureDefinition/ig-parameter"
    },
    {
      "extension" : [{
        "url" : "code",
        "valueString" : "template-html"
      },
      {
        "url" : "value",
        "valueString" : "template-page.html"
      }],
      "url" : "http://hl7.org/fhir/tools/StructureDefinition/ig-parameter"
    },
    {
      "extension" : [{
        "url" : "code",
        "valueString" : "template-md"
      },
      {
        "url" : "value",
        "valueString" : "template-page-md.html"
      }],
      "url" : "http://hl7.org/fhir/tools/StructureDefinition/ig-parameter"
    },
    {
      "extension" : [{
        "url" : "code",
        "valueString" : "apply-contact"
      },
      {
        "url" : "value",
        "valueString" : "true"
      }],
      "url" : "http://hl7.org/fhir/tools/StructureDefinition/ig-parameter"
    },
    {
      "extension" : [{
        "url" : "code",
        "valueString" : "apply-context"
      },
      {
        "url" : "value",
        "valueString" : "true"
      }],
      "url" : "http://hl7.org/fhir/tools/StructureDefinition/ig-parameter"
    },
    {
      "extension" : [{
        "url" : "code",
        "valueString" : "apply-copyright"
      },
      {
        "url" : "value",
        "valueString" : "true"
      }],
      "url" : "http://hl7.org/fhir/tools/StructureDefinition/ig-parameter"
    },
    {
      "extension" : [{
        "url" : "code",
        "valueString" : "apply-jurisdiction"
      },
      {
        "url" : "value",
        "valueString" : "true"
      }],
      "url" : "http://hl7.org/fhir/tools/StructureDefinition/ig-parameter"
    },
    {
      "extension" : [{
        "url" : "code",
        "valueString" : "apply-license"
      },
      {
        "url" : "value",
        "valueString" : "true"
      }],
      "url" : "http://hl7.org/fhir/tools/StructureDefinition/ig-parameter"
    },
    {
      "extension" : [{
        "url" : "code",
        "valueString" : "apply-publisher"
      },
      {
        "url" : "value",
        "valueString" : "true"
      }],
      "url" : "http://hl7.org/fhir/tools/StructureDefinition/ig-parameter"
    },
    {
      "extension" : [{
        "url" : "code",
        "valueString" : "apply-version"
      },
      {
        "url" : "value",
        "valueString" : "true"
      }],
      "url" : "http://hl7.org/fhir/tools/StructureDefinition/ig-parameter"
    },
    {
      "extension" : [{
        "url" : "code",
        "valueString" : "apply-wg"
      },
      {
        "url" : "value",
        "valueString" : "true"
      }],
      "url" : "http://hl7.org/fhir/tools/StructureDefinition/ig-parameter"
    },
    {
      "extension" : [{
        "url" : "code",
        "valueString" : "active-tables"
      },
      {
        "url" : "value",
        "valueString" : "true"
      }],
      "url" : "http://hl7.org/fhir/tools/StructureDefinition/ig-parameter"
    },
    {
      "extension" : [{
        "url" : "code",
        "valueString" : "fmm-definition"
      },
      {
        "url" : "value",
        "valueString" : "http://hl7.org/fhir/versions.html#maturity"
      }],
      "url" : "http://hl7.org/fhir/tools/StructureDefinition/ig-parameter"
    },
    {
      "extension" : [{
        "url" : "code",
        "valueString" : "propagate-status"
      },
      {
        "url" : "value",
        "valueString" : "true"
      }],
      "url" : "http://hl7.org/fhir/tools/StructureDefinition/ig-parameter"
    },
    {
      "extension" : [{
        "url" : "code",
        "valueString" : "excludelogbinaryformat"
      },
      {
        "url" : "value",
        "valueString" : "true"
      }],
      "url" : "http://hl7.org/fhir/tools/StructureDefinition/ig-parameter"
    },
    {
      "extension" : [{
        "url" : "code",
        "valueString" : "tabbed-snapshots"
      },
      {
        "url" : "value",
        "valueString" : "true"
      }],
      "url" : "http://hl7.org/fhir/tools/StructureDefinition/ig-parameter"
    },
    {
      "url" : "http://hl7.org/fhir/tools/StructureDefinition/ig-internal-dependency",
      "valueCode" : "hl7.fhir.uv.tools.r4#0.3.0"
    },
    {
      "extension" : [{
        "url" : "code",
        "valueCode" : "copyrightyear"
      },
      {
        "url" : "value",
        "valueString" : "2023+"
      }],
      "url" : "http://hl7.org/fhir/tools/StructureDefinition/ig-parameter"
    },
    {
      "extension" : [{
        "url" : "code",
        "valueCode" : "releaselabel"
      },
      {
        "url" : "value",
        "valueString" : "trial-use"
      }],
      "url" : "http://hl7.org/fhir/tools/StructureDefinition/ig-parameter"
    },
    {
      "extension" : [{
        "url" : "code",
        "valueCode" : "shownav"
      },
      {
        "url" : "value",
        "valueString" : "true"
      }],
      "url" : "http://hl7.org/fhir/tools/StructureDefinition/ig-parameter"
    },
    {
      "extension" : [{
        "url" : "code",
        "valueCode" : "autoload-resources"
      },
      {
        "url" : "value",
        "valueString" : "true"
      }],
      "url" : "http://hl7.org/fhir/tools/StructureDefinition/ig-parameter"
    },
    {
      "extension" : [{
        "url" : "code",
        "valueCode" : "path-liquid"
      },
      {
        "url" : "value",
        "valueString" : "template/liquid"
      }],
      "url" : "http://hl7.org/fhir/tools/StructureDefinition/ig-parameter"
    },
    {
      "extension" : [{
        "url" : "code",
        "valueCode" : "path-liquid"
      },
      {
        "url" : "value",
        "valueString" : "input/liquid"
      }],
      "url" : "http://hl7.org/fhir/tools/StructureDefinition/ig-parameter"
    },
    {
      "extension" : [{
        "url" : "code",
        "valueCode" : "path-qa"
      },
      {
        "url" : "value",
        "valueString" : "temp/qa"
      }],
      "url" : "http://hl7.org/fhir/tools/StructureDefinition/ig-parameter"
    },
    {
      "extension" : [{
        "url" : "code",
        "valueCode" : "path-temp"
      },
      {
        "url" : "value",
        "valueString" : "temp/pages"
      }],
      "url" : "http://hl7.org/fhir/tools/StructureDefinition/ig-parameter"
    },
    {
      "extension" : [{
        "url" : "code",
        "valueCode" : "path-output"
      },
      {
        "url" : "value",
        "valueString" : "output"
      }],
      "url" : "http://hl7.org/fhir/tools/StructureDefinition/ig-parameter"
    },
    {
      "extension" : [{
        "url" : "code",
        "valueCode" : "path-suppressed-warnings"
      },
      {
        "url" : "value",
        "valueString" : "input/ignoreWarnings.txt"
      }],
      "url" : "http://hl7.org/fhir/tools/StructureDefinition/ig-parameter"
    },
    {
      "extension" : [{
        "url" : "code",
        "valueCode" : "path-history"
      },
      {
        "url" : "value",
        "valueString" : "https://interop.esante.gouv.fr/ig/fhir/tddui/history.html"
      }],
      "url" : "http://hl7.org/fhir/tools/StructureDefinition/ig-parameter"
    },
    {
      "extension" : [{
        "url" : "code",
        "valueCode" : "template-html"
      },
      {
        "url" : "value",
        "valueString" : "template-page.html"
      }],
      "url" : "http://hl7.org/fhir/tools/StructureDefinition/ig-parameter"
    },
    {
      "extension" : [{
        "url" : "code",
        "valueCode" : "template-md"
      },
      {
        "url" : "value",
        "valueString" : "template-page-md.html"
      }],
      "url" : "http://hl7.org/fhir/tools/StructureDefinition/ig-parameter"
    },
    {
      "extension" : [{
        "url" : "code",
        "valueCode" : "apply-contact"
      },
      {
        "url" : "value",
        "valueString" : "true"
      }],
      "url" : "http://hl7.org/fhir/tools/StructureDefinition/ig-parameter"
    },
    {
      "extension" : [{
        "url" : "code",
        "valueCode" : "apply-context"
      },
      {
        "url" : "value",
        "valueString" : "true"
      }],
      "url" : "http://hl7.org/fhir/tools/StructureDefinition/ig-parameter"
    },
    {
      "extension" : [{
        "url" : "code",
        "valueCode" : "apply-copyright"
      },
      {
        "url" : "value",
        "valueString" : "true"
      }],
      "url" : "http://hl7.org/fhir/tools/StructureDefinition/ig-parameter"
    },
    {
      "extension" : [{
        "url" : "code",
        "valueCode" : "apply-jurisdiction"
      },
      {
        "url" : "value",
        "valueString" : "true"
      }],
      "url" : "http://hl7.org/fhir/tools/StructureDefinition/ig-parameter"
    },
    {
      "extension" : [{
        "url" : "code",
        "valueCode" : "apply-license"
      },
      {
        "url" : "value",
        "valueString" : "true"
      }],
      "url" : "http://hl7.org/fhir/tools/StructureDefinition/ig-parameter"
    },
    {
      "extension" : [{
        "url" : "code",
        "valueCode" : "apply-publisher"
      },
      {
        "url" : "value",
        "valueString" : "true"
      }],
      "url" : "http://hl7.org/fhir/tools/StructureDefinition/ig-parameter"
    },
    {
      "extension" : [{
        "url" : "code",
        "valueCode" : "apply-version"
      },
      {
        "url" : "value",
        "valueString" : "true"
      }],
      "url" : "http://hl7.org/fhir/tools/StructureDefinition/ig-parameter"
    },
    {
      "extension" : [{
        "url" : "code",
        "valueCode" : "apply-wg"
      },
      {
        "url" : "value",
        "valueString" : "true"
      }],
      "url" : "http://hl7.org/fhir/tools/StructureDefinition/ig-parameter"
    },
    {
      "extension" : [{
        "url" : "code",
        "valueCode" : "active-tables"
      },
      {
        "url" : "value",
        "valueString" : "true"
      }],
      "url" : "http://hl7.org/fhir/tools/StructureDefinition/ig-parameter"
    },
    {
      "extension" : [{
        "url" : "code",
        "valueCode" : "fmm-definition"
      },
      {
        "url" : "value",
        "valueString" : "http://hl7.org/fhir/versions.html#maturity"
      }],
      "url" : "http://hl7.org/fhir/tools/StructureDefinition/ig-parameter"
    },
    {
      "extension" : [{
        "url" : "code",
        "valueCode" : "propagate-status"
      },
      {
        "url" : "value",
        "valueString" : "true"
      }],
      "url" : "http://hl7.org/fhir/tools/StructureDefinition/ig-parameter"
    },
    {
      "extension" : [{
        "url" : "code",
        "valueCode" : "excludelogbinaryformat"
      },
      {
        "url" : "value",
        "valueString" : "true"
      }],
      "url" : "http://hl7.org/fhir/tools/StructureDefinition/ig-parameter"
    },
    {
      "extension" : [{
        "url" : "code",
        "valueCode" : "tabbed-snapshots"
      },
      {
        "url" : "value",
        "valueString" : "true"
      }],
      "url" : "http://hl7.org/fhir/tools/StructureDefinition/ig-parameter"
    }],
    "resource" : [{
      "extension" : [{
        "url" : "http://hl7.org/fhir/tools/StructureDefinition/resource-information",
        "valueString" : "StructureDefinition:resource"
      }],
      "reference" : {
        "reference" : "StructureDefinition/tddui-bundle"
      },
      "name" : "TDDUI Bundle",
      "description" : "Profil générique créé dans le contexte du transfert de données DUI pour véhiculer un lot de documents au format CDA.",
      "exampleBoolean" : false
    },
    {
      "extension" : [{
        "url" : "http://hl7.org/fhir/tools/StructureDefinition/resource-information",
        "valueString" : "StructureDefinition:resource"
      }],
      "reference" : {
        "reference" : "StructureDefinition/tddui-documentreference"
      },
      "name" : "TDDUI Document Reference",
      "description" : "Profil générique créé dans le contexte du transfert de données DUI pour véhiculer un document au format CDA, inclus dans DocumentReference.attachment.data.",
      "exampleBoolean" : false
    },
    {
      "extension" : [{
        "url" : "http://hl7.org/fhir/tools/StructureDefinition/resource-information",
        "valueString" : "CapabilityStatement"
      }],
      "reference" : {
        "reference" : "CapabilityStatement/TDDUIConsommateur"
      },
      "name" : "TDDUI-Consommateur",
      "description" : "Le rôle du consommateur est de recueillir les données du Dossier Usager Informatisé. Il peut recevoir un unique dossier ou un ensemble de dossiers, ainsi que des mises à jour de dossiers. Il correspond à un logiciel DUI ou un SI tiers.",
      "exampleBoolean" : false
    },
    {
      "extension" : [{
        "url" : "http://hl7.org/fhir/tools/StructureDefinition/resource-information",
        "valueString" : "CapabilityStatement"
      }],
      "reference" : {
        "reference" : "CapabilityStatement/TDDUIProducteur"
      },
      "name" : "TDDUI-Producteur",
      "description" : "Le rôle du producteur est de créer et transmettre un document ou lots de Documents portant les informations du Dossier Usager Informatisé. Il correspond à un logiciel DUI.",
      "exampleBoolean" : false
    },
    {
      "extension" : [{
        "url" : "http://hl7.org/fhir/tools/StructureDefinition/resource-information",
        "valueString" : "Bundle"
      }],
      "reference" : {
        "reference" : "Bundle/TDDUIBundleExample"
      },
      "name" : "TDDUIBundleExample",
      "description" : "Exemple de ressource Bundle suivant le profil TDDUIBundle",
      "exampleCanonical" : "https://interop.esante.gouv.fr/ig/fhir/tddui/StructureDefinition/tddui-bundle"
    },
    {
      "extension" : [{
        "url" : "http://hl7.org/fhir/tools/StructureDefinition/resource-information",
        "valueString" : "DocumentReference"
      }],
      "reference" : {
        "reference" : "DocumentReference/TDDUIDocumentReferenceExample"
      },
      "name" : "TDDUIDocumentReferenceExample",
      "description" : "Exemple de ressource DocumentReference suivant le profil TDDUIDocumentReference",
      "exampleCanonical" : "https://interop.esante.gouv.fr/ig/fhir/tddui/StructureDefinition/tddui-documentreference"
    }],
    "page" : {
      "extension" : [{
        "url" : "http://hl7.org/fhir/tools/StructureDefinition/ig-page-name",
        "valueUrl" : "toc.html"
      }],
      "nameUrl" : "toc.html",
      "title" : "Table of Contents",
      "generation" : "html",
      "page" : [{
        "extension" : [{
          "url" : "http://hl7.org/fhir/tools/StructureDefinition/ig-page-name",
          "valueUrl" : "index.html"
        }],
        "nameUrl" : "index.html",
        "title" : "Accueil",
        "generation" : "markdown"
      },
      {
        "extension" : [{
          "url" : "http://hl7.org/fhir/tools/StructureDefinition/ig-page-name",
          "valueUrl" : "sfe.html"
        }],
        "nameUrl" : "sfe.html",
        "title" : "Spécifications fonctionnelles",
        "generation" : "markdown",
        "page" : [{
          "extension" : [{
            "url" : "http://hl7.org/fhir/tools/StructureDefinition/ig-page-name",
            "valueUrl" : "sfe_cadre_juridique.html"
          }],
          "nameUrl" : "sfe_cadre_juridique.html",
          "title" : "Cadre juridique et orientations organisationnelles",
          "generation" : "markdown"
        },
        {
          "extension" : [{
            "url" : "http://hl7.org/fhir/tools/StructureDefinition/ig-page-name",
            "valueUrl" : "sfe_organisation_contexte_metier.html"
          }],
          "nameUrl" : "sfe_organisation_contexte_metier.html",
          "title" : "Organisation du contexte métier",
          "generation" : "markdown"
        },
        {
          "extension" : [{
            "url" : "http://hl7.org/fhir/tools/StructureDefinition/ig-page-name",
            "valueUrl" : "sfe_definition_processus.html"
          }],
          "nameUrl" : "sfe_definition_processus.html",
          "title" : "Définition des processus collaboratifs",
          "generation" : "markdown"
        },
        {
          "extension" : [{
            "url" : "http://hl7.org/fhir/tools/StructureDefinition/ig-page-name",
            "valueUrl" : "sfe_modelisation_contenu.html"
          }],
          "nameUrl" : "sfe_modelisation_contenu.html",
          "title" : "Modélisation du contenu du DUI",
          "generation" : "markdown"
        }]
      },
      {
        "extension" : [{
          "url" : "http://hl7.org/fhir/tools/StructureDefinition/ig-page-name",
          "valueUrl" : "contenu_dossier.html"
        }],
        "nameUrl" : "contenu_dossier.html",
        "title" : "Contenu du dossier CDA",
        "generation" : "markdown",
        "page" : [{
          "extension" : [{
            "url" : "http://hl7.org/fhir/tools/StructureDefinition/ig-page-name",
            "valueUrl" : "contenu_dossier_contexte.html"
          }],
          "nameUrl" : "contenu_dossier_contexte.html",
          "title" : "Contexte",
          "generation" : "markdown"
        },
        {
          "extension" : [{
            "url" : "http://hl7.org/fhir/tools/StructureDefinition/ig-page-name",
            "valueUrl" : "mapping_fonctionnelle_technique.html"
          }],
          "nameUrl" : "mapping_fonctionnelle_technique.html",
          "title" : "Mapping CDA du modèle de contenu DUI",
          "generation" : "markdown"
        },
        {
          "extension" : [{
            "url" : "http://hl7.org/fhir/tools/StructureDefinition/ig-page-name",
            "valueUrl" : "contenu_dossier_structure_cda.html"
          }],
          "nameUrl" : "contenu_dossier_structure_cda.html",
          "title" : "Structure générale du document CDA",
          "generation" : "markdown"
        },
        {
          "extension" : [{
            "url" : "http://hl7.org/fhir/tools/StructureDefinition/ig-page-name",
            "valueUrl" : "contenu_dossier_entete_cda.html"
          }],
          "nameUrl" : "contenu_dossier_entete_cda.html",
          "title" : "Entête du document CDA",
          "generation" : "markdown"
        },
        {
          "extension" : [{
            "url" : "http://hl7.org/fhir/tools/StructureDefinition/ig-page-name",
            "valueUrl" : "contenu_dossier_corps_cda.html"
          }],
          "nameUrl" : "contenu_dossier_corps_cda.html",
          "title" : "Corps du document CDA",
          "generation" : "markdown"
        },
        {
          "extension" : [{
            "url" : "http://hl7.org/fhir/tools/StructureDefinition/ig-page-name",
            "valueUrl" : "terminology_cda.html"
          }],
          "nameUrl" : "terminology_cda.html",
          "title" : "Jeux de Valeurs CDA",
          "generation" : "markdown"
        },
        {
          "extension" : [{
            "url" : "http://hl7.org/fhir/tools/StructureDefinition/ig-page-name",
            "valueUrl" : "contenu_sejour.html"
          }],
          "nameUrl" : "contenu_sejour.html",
          "title" : "Sejour",
          "generation" : "markdown"
        },
        {
          "extension" : [{
            "url" : "http://hl7.org/fhir/tools/StructureDefinition/ig-page-name",
            "valueUrl" : "contenu_evenement.html"
          }],
          "nameUrl" : "contenu_evenement.html",
          "title" : "Evénement",
          "generation" : "markdown"
        },
        {
          "extension" : [{
            "url" : "http://hl7.org/fhir/tools/StructureDefinition/ig-page-name",
            "valueUrl" : "contenu_couvertures.html"
          }],
          "nameUrl" : "contenu_couvertures.html",
          "title" : "Couvertures sociales",
          "generation" : "markdown"
        },
        {
          "extension" : [{
            "url" : "http://hl7.org/fhir/tools/StructureDefinition/ig-page-name",
            "valueUrl" : "contenu_evaluation.html"
          }],
          "nameUrl" : "contenu_evaluation.html",
          "title" : "Evaluation",
          "generation" : "markdown"
        },
        {
          "extension" : [{
            "url" : "http://hl7.org/fhir/tools/StructureDefinition/ig-page-name",
            "valueUrl" : "contenu_documents_ajoutes.html"
          }],
          "nameUrl" : "contenu_documents_ajoutes.html",
          "title" : "Documents ajoutés",
          "generation" : "markdown"
        },
        {
          "extension" : [{
            "url" : "http://hl7.org/fhir/tools/StructureDefinition/ig-page-name",
            "valueUrl" : "contenu_elements_transversaux.html"
          }],
          "nameUrl" : "contenu_elements_transversaux.html",
          "title" : "Eléments transversaux",
          "generation" : "markdown"
        }]
      },
      {
        "extension" : [{
          "url" : "http://hl7.org/fhir/tools/StructureDefinition/ig-page-name",
          "valueUrl" : "description_flux.html"
        }],
        "nameUrl" : "description_flux.html",
        "title" : "Description des flux FHIR",
        "generation" : "markdown",
        "page" : [{
          "extension" : [{
            "url" : "http://hl7.org/fhir/tools/StructureDefinition/ig-page-name",
            "valueUrl" : "description_flux_synthese.html"
          }],
          "nameUrl" : "description_flux_synthese.html",
          "title" : "Synthèse des flux",
          "generation" : "markdown"
        },
        {
          "extension" : [{
            "url" : "http://hl7.org/fhir/tools/StructureDefinition/ig-page-name",
            "valueUrl" : "description_flux_1_ajout_doc.html"
          }],
          "nameUrl" : "description_flux_1_ajout_doc.html",
          "title" : "Flux 1 - Ajout d'un document",
          "generation" : "markdown"
        },
        {
          "extension" : [{
            "url" : "http://hl7.org/fhir/tools/StructureDefinition/ig-page-name",
            "valueUrl" : "description_flux_2_ajout_lot_doc.html"
          }],
          "nameUrl" : "description_flux_2_ajout_lot_doc.html",
          "title" : "Flux 2 - Ajout d'un lot de documents",
          "generation" : "markdown"
        },
        {
          "extension" : [{
            "url" : "http://hl7.org/fhir/tools/StructureDefinition/ig-page-name",
            "valueUrl" : "description_flux_3_maj_doc.html"
          }],
          "nameUrl" : "description_flux_3_maj_doc.html",
          "title" : "Flux 3 - Mise à jour d'un document",
          "generation" : "markdown"
        }]
      },
      {
        "extension" : [{
          "url" : "http://hl7.org/fhir/tools/StructureDefinition/ig-page-name",
          "valueUrl" : "ressources_conformite.html"
        }],
        "nameUrl" : "ressources_conformite.html",
        "title" : "Ressources de conformité",
        "generation" : "markdown",
        "page" : [{
          "extension" : [{
            "url" : "http://hl7.org/fhir/tools/StructureDefinition/ig-page-name",
            "valueUrl" : "ressources_cda.html"
          }],
          "nameUrl" : "ressources_cda.html",
          "title" : "Ressources CDA",
          "generation" : "markdown"
        },
        {
          "extension" : [{
            "url" : "http://hl7.org/fhir/tools/StructureDefinition/ig-page-name",
            "valueUrl" : "artifacts.html"
          }],
          "nameUrl" : "artifacts.html",
          "title" : "Ressources FHIR",
          "generation" : "html"
        }]
      },
      {
        "extension" : [{
          "url" : "http://hl7.org/fhir/tools/StructureDefinition/ig-page-name",
          "valueUrl" : "tests.html"
        }],
        "nameUrl" : "tests.html",
        "title" : "Solutions de tests",
        "generation" : "markdown"
      },
      {
        "extension" : [{
          "url" : "http://hl7.org/fhir/tools/StructureDefinition/ig-page-name",
          "valueUrl" : "annexes.html"
        }],
        "nameUrl" : "annexes.html",
        "title" : "Annexes",
        "generation" : "markdown",
        "page" : [{
          "extension" : [{
            "url" : "http://hl7.org/fhir/tools/StructureDefinition/ig-page-name",
            "valueUrl" : "annexes_documents_reference.html"
          }],
          "nameUrl" : "annexes_documents_reference.html",
          "title" : "Documents de référence",
          "generation" : "markdown"
        },
        {
          "extension" : [{
            "url" : "http://hl7.org/fhir/tools/StructureDefinition/ig-page-name",
            "valueUrl" : "annexes_nomenclatures.html"
          }],
          "nameUrl" : "annexes_nomenclatures.html",
          "title" : "Nomenclatures de référence",
          "generation" : "markdown"
        },
        {
          "extension" : [{
            "url" : "http://hl7.org/fhir/tools/StructureDefinition/ig-page-name",
            "valueUrl" : "annexes_acronymes.html"
          }],
          "nameUrl" : "annexes_acronymes.html",
          "title" : "Acronymes",
          "generation" : "markdown"
        }]
      },
      {
        "extension" : [{
          "url" : "http://hl7.org/fhir/tools/StructureDefinition/ig-page-name",
          "valueUrl" : "autres_ressources.html"
        }],
        "nameUrl" : "autres_ressources.html",
        "title" : "Autres ressources",
        "generation" : "markdown",
        "page" : [{
          "extension" : [{
            "url" : "http://hl7.org/fhir/tools/StructureDefinition/ig-page-name",
            "valueUrl" : "securite.html"
          }],
          "nameUrl" : "securite.html",
          "title" : "Sécurité",
          "generation" : "markdown"
        },
        {
          "extension" : [{
            "url" : "http://hl7.org/fhir/tools/StructureDefinition/ig-page-name",
            "valueUrl" : "downloads.html"
          }],
          "nameUrl" : "downloads.html",
          "title" : "Téléchargements et usages",
          "generation" : "markdown"
        },
        {
          "extension" : [{
            "url" : "http://hl7.org/fhir/tools/StructureDefinition/ig-page-name",
            "valueUrl" : "specs_fhir.html"
          }],
          "nameUrl" : "specs_fhir.html",
          "title" : "Spécifications FHIR",
          "generation" : "markdown"
        },
        {
          "extension" : [{
            "url" : "http://hl7.org/fhir/tools/StructureDefinition/ig-page-name",
            "valueUrl" : "specs_cda.html"
          }],
          "nameUrl" : "specs_cda.html",
          "title" : "Spécifications CDA",
          "generation" : "markdown"
        },
        {
          "extension" : [{
            "url" : "http://hl7.org/fhir/tools/StructureDefinition/ig-page-name",
            "valueUrl" : "site_ans.html"
          }],
          "nameUrl" : "site_ans.html",
          "title" : "Site de l'ANS",
          "generation" : "markdown"
        },
        {
          "extension" : [{
            "url" : "http://hl7.org/fhir/tools/StructureDefinition/ig-page-name",
            "valueUrl" : "documentation.html"
          }],
          "nameUrl" : "documentation.html",
          "title" : "Documentation",
          "generation" : "markdown"
        }]
      }]
    },
    "parameter" : [{
      "code" : "path-resource",
      "value" : "input/capabilities"
    },
    {
      "code" : "path-resource",
      "value" : "input/examples"
    },
    {
      "code" : "path-resource",
      "value" : "input/extensions"
    },
    {
      "code" : "path-resource",
      "value" : "input/models"
    },
    {
      "code" : "path-resource",
      "value" : "input/operations"
    },
    {
      "code" : "path-resource",
      "value" : "input/profiles"
    },
    {
      "code" : "path-resource",
      "value" : "input/resources"
    },
    {
      "code" : "path-resource",
      "value" : "input/vocabulary"
    },
    {
      "code" : "path-resource",
      "value" : "input/maps"
    },
    {
      "code" : "path-resource",
      "value" : "input/testing"
    },
    {
      "code" : "path-resource",
      "value" : "input/history"
    },
    {
      "code" : "path-resource",
      "value" : "fsh-generated/resources"
    },
    {
      "code" : "path-pages",
      "value" : "template/config"
    },
    {
      "code" : "path-pages",
      "value" : "input/images"
    },
    {
      "code" : "path-tx-cache",
      "value" : "input-cache/txcache"
    }]
  }
}