{
  "resourceType" : "ValueSet",
  "id" : "bbd44e44-3a0b-4c48-b652-a08d577b74a0-36",
  "url" : "http://hl7.org/fhir/comparison/ValueSet/bbd44e44-3a0b-4c48-b652-a08d577b74a0-36",
  "name" : "Intersectionfr-organization-typeAndFRCoreValueSetOrganizationType",
  "title" : "Intersection of null And FR Core ValueSet Organization type",
  "status" : "active",
  "date" : "2024-11-13T16:33:32+00:00",
  "compose" : {
    "include" : [{
      "concept" : [{
        "code" : "GHT",
        "display" : "Groupement hospitalier de territoire"
      },
      {
        "code" : "LEGAL-ENTITY",
        "display" : "Entité juridique"
      },
      {
        "code" : "GEOGRAPHICAL-ENTITY",
        "display" : "Entité géographique"
      },
      {
        "code" : "GROUP",
        "display" : "Groupe privé / hospitalier"
      },
      {
        "code" : "HEBERGEMENT",
        "display" : "Hébergement"
      },
      {
        "code" : "SOIN",
        "display" : "Soin"
      },
      {
        "code" : "ADMINISTRATIF",
        "display" : "Administration"
      },
      {
        "code" : "MEDICAL",
        "display" : "Médical"
      },
      {
        "code" : "TECHNIQUE",
        "display" : "Technique"
      },
      {
        "code" : "MEDICOTEC",
        "display" : "medico technique (radio, scanner …)"
      },
      {
        "code" : "UF",
        "display" : "Unité fonctionnelle"
      },
      {
        "code" : "SERVICE",
        "display" : "Service"
      },
      {
        "code" : "UM",
        "display" : "Unité médicale"
      },
      {
        "code" : "UAC",
        "display" : "Unité d'activité"
      },
      {
        "code" : "POLE",
        "display" : "Pole"
      },
      {
        "code" : "CENTRE-RESP",
        "display" : "Centre de responsabilité"
      },
      {
        "code" : "CENTRE-ACTIVITE",
        "display" : "Centre d'activité"
      }]
    }]
  }
}